filename,eyelid_top,eyelid_top_rotate,eyelid_bottom,eyelid_bottom_rotate,iris_size,pupil_size,eye_look_x,eye_look_y,eyebrow_center_y,eyebrow_center_x,eyebrow_scale,eyebrow_rotate,eyebrow1,eyebrow2,eyebrow30,eyebrow4,eyebrow5,eyebrow6
angry_010.jpg,0.0,0.0,-0.504,-0.687,0.587,0.5,0.0,0.0,0.376,0.184,0.5,-0.3,0.1,-0.1,0.1,-0.0114,-0.0347,0.0545
angry_07.jpg,0.0,0.0,-0.875,-0.459,0.604,0.5,-0.761,-0.63,0.213,0.434,0.5,-0.294,0.1,-0.1,-0.0744,-0.0009,0.037,0.0452
angry_06.jpg,0.0,0.0,-0.481,-1.0,0.342,0.5,-0.157,-0.761,0.324,0.37,0.5,-0.411,0.1,-0.1,-0.0675,0.0009,0.0335,0.0866
sad_07.jpg,0.0,0.0,-0.687,-1.0,0.712,0.558,-0.499,-0.698,0.073,-0.283,0.5,0.615,0.1,-0.1,0.0236,-0.0423,-0.0883,-0.1
happy_05.jpg,0.0,0.0,0.0,0.0,0.5,0.5,-0.698,-0.601,0.208,0.242,0.5,0.0,0.043,0.0,0.014,0.0265,0.0031,0.1
angry_03.jpg,0.538,1.0,-0.453,-0.481,0.587,0.422,-0.248,0.573,0.673,-0.067,0.553,-0.703,0.1,-0.1,-0.0831,0.0009,-0.0918,-0.0347
neutral_08.jpg,0.333,0.0,0.0,0.0,0.655,0.5,-0.219,0.607,0.044,0.201,0.5,0.19,0.0556,0.0,0.0,0.0073,0.0376,0.0411
sad_08.jpg,0.681,0.0,-0.652,0.0,0.279,0.265,0.134,0.88,0.0,-0.108,0.5,0.335,0.0567,-0.0185,-0.0417,-0.019,-0.0125,-0.0493
